transaction_id,source_account_id,destination_account_id,amount,currency,occurred_at,category
00000000-0000-4000-8000-000000000101,00000000-0000-4000-8000-000000000001,00000000-0000-4000-8000-000000000002,25.00,usd,2026-09-20T08:15:00-05:00,Groceries
00000000-0000-4000-8000-000000000102,00000000-0000-4000-8000-000000000002,00000000-0000-4000-8000-000000000003,7.5,,2026-09-20 14:30:00,
00000000-0000-4000-8000-000000000103,00000000-0000-4000-8000-000000000001,00000000-0000-4000-8000-000000000003,12.34,USD,2026-09-20T14:00:00Z,Transport
not-a-uuid,00000000-0000-4000-8000-000000000001,00000000-0000-4000-8000-000000000002,1.00,USD,2026-09-20T15:00:00Z,test
00000000-0000-4000-8000-000000000104,00000000-0000-4000-8000-000000000001,00000000-0000-4000-8000-000000000002,1.999,USD,2026-09-20T15:05:00Z,test
00000000-0000-4000-8000-000000000105,00000000-0000-4000-8000-000000000001,00000000-0000-4000-8000-000000000002,2.00,EUR,2026-09-20T15:10:00Z,test
00000000-0000-4000-8000-000000000106,00000000-0000-4000-8000-000000000001,00000000-0000-4000-8000-000000000002,3.00,USD,invalid-date,test
,00000000-0000-4000-8000-000000000001,00000000-0000-4000-8000-000000000002,4.00,USD,2026-09-20T15:20:00Z,test
00000000-0000-4000-8000-000000000101,00000000-0000-4000-8000-000000000001,00000000-0000-4000-8000-000000000002,25.00,USD,2026-09-20T15:25:00Z,duplicate
